{
  "eps_eps_linear_seed42": {
    "strategy": "epsilon",
    "config": "eps_linear",
    "seed": 42,
    "score_mean": -0.305,
    "score_std": 0.18499999999999991,
    "q_mean": 0.005860434024361894,
    "train_steps": 160,
    "wall_clock_sec": 5.434045314788818
  },
  "eps_eps_linear_seed43": {
    "strategy": "epsilon",
    "config": "eps_linear",
    "seed": 43,
    "score_mean": -0.20500000000000007,
    "score_std": 0.0949999999999999,
    "q_mean": 0.010366658169368747,
    "train_steps": 160,
    "wall_clock_sec": 6.601265907287598
  },
  "eps_eps_exp_seed42": {
    "strategy": "epsilon",
    "config": "eps_exp",
    "seed": 42,
    "score_mean": -0.13000000000000006,
    "score_std": 0.13,
    "q_mean": -0.0010788411047542466,
    "train_steps": 160,
    "wall_clock_sec": 6.223995208740234
  },
  "eps_eps_exp_seed43": {
    "strategy": "epsilon",
    "config": "eps_exp",
    "seed": 43,
    "score_mean": -0.2150000000000001,
    "score_std": 0.1450000000000001,
    "q_mean": 0.00528832063137088,
    "train_steps": 160,
    "wall_clock_sec": 8.634648084640503
  },
  "boltz_temp_exp_seed42": {
    "strategy": "boltzmann",
    "config": "temp_exp",
    "seed": 42,
    "score_mean": 0.029999999999999874,
    "score_std": 0.1999999999999999,
    "q_mean": 0.0009926286671543497,
    "train_steps": 160,
    "wall_clock_sec": 6.08055567741394
  },
  "boltz_temp_exp_seed43": {
    "strategy": "boltzmann",
    "config": "temp_exp",
    "seed": 43,
    "score_mean": -0.27000000000000013,
    "score_std": 0.16,
    "q_mean": 0.01136865406006109,
    "train_steps": 160,
    "wall_clock_sec": 6.225362062454224
  },
  "boltz_temp_linear_seed42": {
    "strategy": "boltzmann",
    "config": "temp_linear",
    "seed": 42,
    "score_mean": -0.14000000000000015,
    "score_std": 0.06999999999999985,
    "q_mean": 0.005235097493277862,
    "train_steps": 160,
    "wall_clock_sec": 6.846245527267456
  },
  "boltz_temp_linear_seed43": {
    "strategy": "boltzmann",
    "config": "temp_linear",
    "seed": 43,
    "score_mean": -0.5499999999999999,
    "score_std": 0.020000000000000018,
    "q_mean": -0.0020510944930720145,
    "train_steps": 160,
    "wall_clock_sec": 9.35625672340393
  }
}