strategy,config,seed,train_score_mean,det_eval_mean,det_eval_std,wall_clock_sec
boltzmann,temp_exp,42,-0.003333333333333415,1.4200000000000006,0.0,12.050507068634033
boltzmann,temp_exp,43,0.0299999999999999,2.5000000000000013,0.0,12.248987913131714
epsilon,eps_exp,42,-7.170190367370803e-17,2.600000000000001,0.0,12.641928911209106
epsilon,eps_exp,43,-0.34666666666666685,1.62,0.0,9.46882176399231
